experiment,method,baseline,metric,n_tasks,median_diff,win_rate,statistic,p_value
meta_only,ridge,global_default,nregret@1,72,0.035275055750054865,0.18055555555555555,477.0,2.640266718056883e-06
meta_only,random_forest,global_default,nregret@1,72,0.035275055750054865,0.18055555555555555,477.0,2.640266718056883e-06
meta_only,extra_trees,global_default,nregret@1,72,0.035275055750054865,0.18055555555555555,477.0,2.640266718056883e-06
meta_only,hist_gbrt,global_default,nregret@1,72,0.035275055750054865,0.18055555555555555,477.0,2.640266718056883e-06
tfidf_meta,extra_trees,global_default,nregret@1,72,-0.005673319690069861,0.6388888888888888,655.0,0.001549960362146113
tfidf_meta,random_forest,global_default,nregret@1,72,-0.003774832638215153,0.5972222222222222,744.0,0.0035306124057513347
tfidf_meta,hist_gbrt,global_default,nregret@1,72,-0.001045161934702702,0.5277777777777778,783.0,0.058509113955192635
tfidf_meta,ridge,global_default,nregret@1,72,0.0,0.3333333333333333,731.0,0.33508487023558686
tfidf_only,extra_trees,global_default,nregret@1,72,0.0,0.041666666666666664,14.0,0.09116079400519664
tfidf_only,ridge,global_default,nregret@1,72,0.000704220214541949,0.3055555555555556,704.0,0.1203519021384789
tfidf_only,hist_gbrt,global_default,nregret@1,72,0.0,0.3611111111111111,346.0,0.1871234751005676
tfidf_only,random_forest,global_default,nregret@1,72,0.0,0.19444444444444445,152.0,0.55060588584296
meta_only,ridge,random,nregret@1,72,-0.08341582727601927,0.7777777777777778,471.0,2.2379370113516215e-06
meta_only,random_forest,random,nregret@1,72,-0.08341582727601927,0.7777777777777778,471.0,2.2379370113516215e-06
meta_only,extra_trees,random,nregret@1,72,-0.08341582727601927,0.7777777777777778,471.0,2.2379370113516215e-06
meta_only,hist_gbrt,random,nregret@1,72,-0.08341582727601927,0.7777777777777778,471.0,2.2379370113516215e-06
tfidf_meta,extra_trees,random,nregret@1,72,-0.1813570193846131,0.9861111111111112,1.0,1.7300746127616433e-13
tfidf_meta,random_forest,random,nregret@1,72,-0.1793559975538592,0.9861111111111112,72.0,3.1756493245665793e-12
tfidf_meta,hist_gbrt,random,nregret@1,72,-0.16125924924624896,0.9166666666666666,137.0,3.976160180514138e-11
tfidf_meta,ridge,random,nregret@1,72,-0.1316943942182734,0.9305555555555556,143.0,4.988017141581901e-11
tfidf_only,ridge,random,nregret@1,72,-0.13349138959377105,0.9444444444444444,138.0,4.129600551609473e-11
tfidf_only,hist_gbrt,random,nregret@1,72,-0.14377145652611462,0.9305555555555556,163.0,1.0535589469264804e-10
tfidf_only,random_forest,random,nregret@1,72,-0.15069775360546198,0.9166666666666666,171.0,1.4159617857299722e-10
tfidf_only,extra_trees,random,nregret@1,72,-0.1303062958223185,0.875,263.0,3.681796072200122e-09
meta_only,ridge,global_default,nregret@3,72,0.027100205148807822,0.09722222222222222,219.0,5.5667955122824456e-09
meta_only,random_forest,global_default,nregret@3,72,0.027100205148807822,0.09722222222222222,219.0,5.5667955122824456e-09
meta_only,extra_trees,global_default,nregret@3,72,0.027100205148807822,0.09722222222222222,219.0,5.5667955122824456e-09
meta_only,hist_gbrt,global_default,nregret@3,72,0.027100205148807822,0.09722222222222222,219.0,5.5667955122824456e-09
tfidf_meta,extra_trees,global_default,nregret@3,72,0.0,0.4861111111111111,435.0,0.0081055302449332
tfidf_meta,random_forest,global_default,nregret@3,72,0.0,0.4444444444444444,933.0,0.474261225049591
tfidf_meta,hist_gbrt,global_default,nregret@3,72,0.0,0.375,667.0,0.5156460642762448
tfidf_meta,ridge,global_default,nregret@3,72,0.0,0.2916666666666667,598.0,0.7029773092534963
tfidf_only,extra_trees,global_default,nregret@3,72,0.0,0.041666666666666664,18.0,0.09948088075636445
tfidf_only,hist_gbrt,global_default,nregret@3,72,0.0,0.25,156.0,0.18357532003674304
tfidf_only,random_forest,global_default,nregret@3,72,0.0,0.1527777777777778,85.0,0.45527280991543384
tfidf_only,ridge,global_default,nregret@3,72,0.0,0.3055555555555556,586.0,0.47044392221875886
meta_only,ridge,random,nregret@3,72,-0.005326656760159346,0.5972222222222222,1207.0,0.5482055724398658
meta_only,random_forest,random,nregret@3,72,-0.005326656760159346,0.5972222222222222,1207.0,0.5482055724398658
meta_only,extra_trees,random,nregret@3,72,-0.005326656760159346,0.5972222222222222,1207.0,0.5482055724398658
meta_only,hist_gbrt,random,nregret@3,72,-0.005326656760159346,0.5972222222222222,1207.0,0.5482055724398658
tfidf_meta,extra_trees,random,nregret@3,72,-0.04151064164956021,0.9722222222222222,30.0,5.786757336084804e-13
tfidf_meta,random_forest,random,nregret@3,72,-0.0371646973978697,0.9305555555555556,103.0,1.077424090098365e-11
tfidf_meta,hist_gbrt,random,nregret@3,72,-0.038411954435532976,0.9305555555555556,152.0,6.99390582282355e-11
tfidf_meta,ridge,random,nregret@3,72,-0.03520044675948823,0.9305555555555556,161.0,9.781980521712722e-11
tfidf_only,hist_gbrt,random,nregret@3,72,-0.03813634931596183,0.9722222222222222,87.0,5.756553791737485e-12
tfidf_only,ridge,random,nregret@3,72,-0.031971478891547785,0.9166666666666666,206.0,5.043137342000447e-10
tfidf_only,random_forest,random,nregret@3,72,-0.026448428889295147,0.9166666666666666,252.0,2.5282750053777033e-09
tfidf_only,extra_trees,random,nregret@3,72,-0.032736063160546294,0.875,274.0,5.341720999773529e-09
tfidf_meta,ridge,global_default,spearman,72,-0.03960571408690078,0.2916666666666667,523.0,9.044100867405703e-06
tfidf_meta,extra_trees,global_default,spearman,72,0.06604026242631389,0.75,614.0,8.558920578534345e-05
tfidf_meta,random_forest,global_default,spearman,72,0.05331062482347515,0.7222222222222222,829.0,0.006495270427112727
tfidf_meta,hist_gbrt,global_default,spearman,72,0.020684287937503154,0.5833333333333334,983.0,0.06324423826854556
tfidf_only,ridge,global_default,spearman,72,-0.04111174773529852,0.2638888888888889,469.0,2.117429996246128e-06
tfidf_only,extra_trees,global_default,spearman,72,-0.003581423394438621,0.4027777777777778,928.0,0.06569318707369062
tfidf_only,hist_gbrt,global_default,spearman,72,-0.008555456239946746,0.4166666666666667,1143.0,0.33725677758212436
tfidf_only,random_forest,global_default,spearman,72,-0.0019275250034981872,0.4722222222222222,1221.0,0.6017486661800051
tfidf_meta,extra_trees,random,spearman,72,0.7679999485443529,1.0,0.0,1.658751802376397e-13
tfidf_meta,hist_gbrt,random,spearman,72,0.7312611664751671,1.0,0.0,1.658751802376397e-13
tfidf_meta,ridge,random,spearman,72,0.6913852632943891,0.9861111111111112,1.0,1.7300746127616433e-13
tfidf_meta,random_forest,random,spearman,72,0.7286163378625095,0.9861111111111112,2.0,1.8044082750543946e-13
tfidf_only,random_forest,random,spearman,72,0.7133986968626662,1.0,0.0,1.658751802376397e-13
tfidf_only,extra_trees,random,spearman,72,0.7103758369236426,1.0,0.0,1.658751802376397e-13
tfidf_only,hist_gbrt,random,spearman,72,0.7003922291234318,1.0,0.0,1.658751802376397e-13
tfidf_only,ridge,random,spearman,72,0.6824990428625042,0.9861111111111112,1.0,1.7300746127616433e-13
